{
    "ex": {
        "mae": 8.450500000001344e-05,
        "mse": 9.19837500000438e-09,
        "rmse": 9.590815919411852e-05
    },
    "ey": {
        "mae": 9.099333333331833e-05,
        "mse": 1.0871773333329842e-08,
        "rmse": 0.00010426779624279896
    },
    "hz": {
        "mae": 6.846500000002753e-05,
        "mse": 7.717731666664595e-09,
        "rmse": 8.785062132201796e-05
    }
}