{
    "A": {
        "mae": 0.0003508892666666813,
        "mse": 1.3119702046667767e-07,
        "rmse": 0.0003622112925719982
    }
}