{
    "w": {
        "mae": 20581145.1919501,
        "mse": 561330796976930.25,
        "rmse": 23692420.665202834
    }
}