{
    "C": {
        "mae": 0.0016720891666666979,
        "mse": 2.8374890633334224e-06,
        "rmse": 0.001684484806501211
    }
}