{
    "A": {
        "mae": 0.0007516427000000104,
        "mse": 5.898259858166657e-07,
        "rmse": 0.0007680012928483036
    }
}