{
    "Q": {
        "mae": 7402.018512487708,
        "mse": 160984853.93653202,
        "rmse": 12687.98068790034
    },
    "R": {
        "mae": 7957.034257533436,
        "mse": 174129659.40982094,
        "rmse": 13195.819770284108
    }
}