{
    "A": {
        "mae": 0.0003264000000000008,
        "mse": 1.225105999999975e-07,
        "rmse": 0.0003500151425295733
    }
}