{
    "D": {
        "mae": 0.002473890624999654,
        "mse": 6.354194432289665e-06,
        "rmse": 0.0025207527511221057
    }
}