{
    "ex": {
        "mae": 0.0004068715624999754,
        "mse": 1.947403259374835e-07,
        "rmse": 0.0004412939223890167
    },
    "ey": {
        "mae": 0.00043261183333334147,
        "mse": 2.1737103758334208e-07,
        "rmse": 0.000466230669929963
    },
    "hz": {
        "mae": 0.00040763254166666546,
        "mse": 2.1064815987500871e-07,
        "rmse": 0.00045896422504919566
    }
}