{
    "A": {
        "mae": 0.0014154501312500904,
        "mse": 2.099771436306515e-06,
        "rmse": 0.0014490588105065007
    }
}