{
    "C": {
        "mae": 0.00018241777777777354,
        "mse": 6.298403777777451e-08,
        "rmse": 0.0002509662084380575
    }
}