{
    "A": {
        "mae": 0.00020305250000002238,
        "mse": 5.1358696250020554e-08,
        "rmse": 0.00022662457115242503
    }
}