{
    "w": {
        "mae": 177525.51220102503,
        "mse": 41711943093.7255,
        "rmse": 204235.01926389974
    }
}