{
    "C": {
        "mae": 0.0011631442857142976,
        "mse": 1.4520289528571692e-06,
        "rmse": 0.0012050016401885806
    }
}