{
    "y": {
        "mae": 2.30832062,
        "mse": 6.5891192902273295,
        "rmse": 2.5669279869578205
    }
}