{
    "ex": {
        "mae": 0.00016409479166666014,
        "mse": 3.2667954791666616e-08,
        "rmse": 0.0001807427862783647
    },
    "ey": {
        "mae": 0.00017566874999999895,
        "mse": 3.7737203750002204e-08,
        "rmse": 0.0001942606592957056
    },
    "hz": {
        "mae": 0.0001570347916667086,
        "mse": 3.33382781250161e-08,
        "rmse": 0.00018258772720261375
    }
}