{
    "C": {
        "mae": 0.00042054199999995526,
        "mse": 2.0014574999996074e-07,
        "rmse": 0.00044737651927650464
    }
}