{
    "A": {
        "mae": 0.003562173333333324,
        "mse": 2.1253038300000003e-05,
        "rmse": 0.004610101766772617
    }
}