{
    "cov": {
        "mae": 1400.8056339213542,
        "mse": 3514690.0852015414,
        "rmse": 1874.7506728099984
    }
}