{
    "q": {
        "mae": 0.0005052857142857743,
        "mse": 2.683072857143472e-07,
        "rmse": 0.0005179838662683879
    },
    "s": {
        "mae": 0.0005578421052631826,
        "mse": 3.1793352631581943e-07,
        "rmse": 0.0005638559446488256
    }
}