{
    "cov": {
        "mae": 153.80688065750002,
        "mse": 101817.04108466861,
        "rmse": 319.0878266005593
    }
}