{
    "y": {
        "mae": 0.005485190476190264,
        "mse": 3.012366195237862e-05,
        "rmse": 0.005488502705873308
    }
}