{
    "A": {
        "mae": 0.0007189833333333375,
        "mse": 5.453038500000063e-07,
        "rmse": 0.0007384469175235322
    }
}