{
    "D": {
        "mae": 0.45696173393939443,
        "mse": 0.21039283177244142,
        "rmse": 0.4586859838412783
    }
}