{
    "G": {
        "mae": 0.0010870369318181812,
        "mse": 1.2052975539772713e-06,
        "rmse": 0.001097860443761989
    }
}