{
    "C": {
        "mae": 0.0005834116666665009,
        "mse": 3.518297116664144e-07,
        "rmse": 0.0005931523511429541
    }
}