{
    "C": {
        "mae": 0.0029666619999999602,
        "mse": 8.852936071333078e-06,
        "rmse": 0.0029753883899976954
    }
}