{
    "B": {
        "mae": 0.0021819163541666594,
        "mse": 6.380197836312444e-06,
        "rmse": 0.0025259053498325
    }
}