{
    "C": {
        "mae": 0.001737490902777773,
        "mse": 6.068697318472193e-06,
        "rmse": 0.002463472613704523
    }
}