{
    "B": {
        "mae": 0.00019850333333332803,
        "mse": 5.289899333332936e-08,
        "rmse": 0.00022999781158378302
    }
}