{
    "A": {
        "mae": 8.6434375000035e-05,
        "mse": 9.010419791674856e-09,
        "rmse": 9.492323104316907e-05
    }
}