{
    "C": {
        "mae": 0.003956606363636344,
        "mse": 1.6145324116727112e-05,
        "rmse": 0.004018124452618051
    }
}