{
    "y": {
        "mae": 6.061135899999999,
        "mse": 45.88006730785426,
        "rmse": 6.773482657234331
    }
}