{
    "corr": {
        "mae": 0.00026517857142859577,
        "mse": 7.292410714287052e-08,
        "rmse": 0.00027004463916706535
    }
}