{
    "A": {
        "mae": 9.241250000004558e-06,
        "mse": 1.677800000000355e-10,
        "rmse": 1.2952991932369738e-05
    }
}