{
    "x": {
        "mae": 2.9875000000007496e-05,
        "mse": 2.2164250000036024e-09,
        "rmse": 4.707892309732246e-05
    }
}