{
    "G": {
        "mae": 1.404960531402116,
        "mse": 1.9833736919720906,
        "rmse": 1.4083230069739294
    }
}