{
    "corr": {
        "mae": 600.5723810096874,
        "mse": 1042944.9738210127,
        "rmse": 1021.2467742034795
    }
}