{
    "A": {
        "mae": 0.17759256048,
        "mse": 0.05494711038094781,
        "rmse": 0.23440799982284694
    }
}