{
    "cov": {
        "mae": 1.4789540816434696e-05,
        "mse": 2.606160714313556e-10,
        "rmse": 1.614360775760349e-05
    }
}