{
    "C": {
        "mae": 0.000806376718749988,
        "mse": 1.285149591718707e-06,
        "rmse": 0.0011336443850338196
    }
}