{
    "y": {
        "mae": 0.04213075000000001,
        "mse": 0.0021874757997500005,
        "rmse": 0.046770458622403956
    }
}