{
    "y": {
        "mae": 0.0035319222222223215,
        "mse": 1.2513658077778284e-05,
        "rmse": 0.0035374649224802616
    }
}