{
    "G": {
        "mae": 0.03592485964285712,
        "mse": 0.0013068887696789267,
        "rmse": 0.03615091658144959
    }
}