{
    "y": {
        "mae": 0.001115733333333931,
        "mse": 1.2515974000013844e-06,
        "rmse": 0.0011187481396638765
    }
}