{
    "x": {
        "mae": 0.0004481707317074436,
        "mse": 2.2286812195131763e-07,
        "rmse": 0.00047208910382608664
    }
}