{
    "C": {
        "mae": 0.00047002812500000047,
        "mse": 4.346070762500054e-07,
        "rmse": 0.0006592473558915541
    }
}