{
    "corr": {
        "mae": 6468.456498614792,
        "mse": 72023794.38393636,
        "rmse": 8486.683355936897
    }
}