{
    "y": {
        "mae": 0.010348355999999509,
        "mse": 0.00010721995349198967,
        "rmse": 0.010354706827911144
    }
}