{
    "x": {
        "mae": 7.537499999999912e-05,
        "mse": 6.130725499999207e-08,
        "rmse": 0.0002476030189638084
    }
}