{
    "Q": {
        "mae": 8287.74042933402,
        "mse": 178568205.89648807,
        "rmse": 13362.941513622218
    },
    "R": {
        "mae": 8134.6207339317025,
        "mse": 178505804.86557692,
        "rmse": 13360.606455755551
    }
}