{
    "B": {
        "mae": 0.0006129662500000169,
        "mse": 5.045634958333639e-07,
        "rmse": 0.000710326330522362
    }
}