{
    "A": {
        "mae": 0.0005080326388889181,
        "mse": 2.8934601569448737e-07,
        "rmse": 0.0005379089288108977
    }
}