{
    "C": {
        "mae": 0.00028164555555556674,
        "mse": 1.517069544444474e-07,
        "rmse": 0.0003894957694820926
    }
}