{
    "A": {
        "mae": 0.024406004074074065,
        "mse": 0.0010200670202796284,
        "rmse": 0.03193848807128522
    }
}