{
    "y": {
        "mae": 0.5273993731707234,
        "mse": 0.2782387319020622,
        "rmse": 0.5274833949064769
    }
}