{
    "A": {
        "mae": 1.000659722223162e-05,
        "mse": 2.0598159722222042e-10,
        "rmse": 1.435205898894721e-05
    }
}