{
    "Q": {
        "mae": 3462.4906077100004,
        "mse": 72155062.90284112,
        "rmse": 8494.413629135393
    },
    "R": {
        "mae": 912.8584004022224,
        "mse": 19322646.96496786,
        "rmse": 4395.75328754559
    }
}