{
    "q": {
        "mae": 0.005855999999999995,
        "mse": 3.445413715121931e-05,
        "rmse": 0.005869764658929633
    },
    "s": {
        "mae": 0.006187782051281924,
        "mse": 3.837939574102398e-05,
        "rmse": 0.006195110631863162
    }
}