{
    "y": {
        "mae": 0.052915943548384345,
        "mse": 0.0028011389107174527,
        "rmse": 0.052925786821902354
    }
}