{
    "x": {
        "mae": 8.424999999995241e-06,
        "mse": 1.314749999999327e-10,
        "rmse": 1.1466254837562817e-05
    }
}