{
    "x": {
        "mae": 0.0015287933884293244,
        "mse": 2.4194527272713525e-06,
        "rmse": 0.0015554590085474296
    }
}