{
    "x": {
        "mae": 1.9116666666668208e-05,
        "mse": 6.319500000000766e-10,
        "rmse": 2.513861571367995e-05
    }
}