{
    "A": {
        "mae": 1.1187037499989794e-05,
        "mse": 2.845372499996521e-10,
        "rmse": 1.686823197610384e-05
    }
}