{
  "__PARA__L0-1.__PIPE__L0-NA": {
    "perf": 5969.0,
    "point": {
      "__PIPE__L0": "",
      "__PARA__L0": 1
    },
    "res_util": {
      "util-URAM": 0.0,
      "util-BRAM": 0.11728395061728394,
      "util-DSP": 0.021442495126705652,
      "util-LUT": 0.010830288266341859,
      "util-FF": 0.0068762123877836425,
      "total-URAM": 0,
      "total-BRAM": 380,
      "total-DSP": 110,
      "total-LUT": 9603,
      "total-FF": 12194
    },
    "valid": true
  },
  "__PARA__L0-2.__PIPE__L0-NA": {
    "perf": 5969.0,
    "point": {
      "__PIPE__L0": "",
      "__PARA__L0": 2
    },
    "res_util": {
      "util-URAM": 0.0,
      "util-BRAM": 0.11790123456790123,
      "util-DSP": 0.021442495126705652,
      "util-LUT": 0.012147561690801643,
      "util-FF": 0.008369986917489962,
      "total-URAM": 0,
      "total-BRAM": 382,
      "total-DSP": 110,
      "total-LUT": 10771,
      "total-FF": 14843
    },
    "valid": true
  },
  "__PARA__L0-4.__PIPE__L0-NA": {
    "perf": 5969.0,
    "point": {
      "__PIPE__L0": "",
      "__PARA__L0": 4
    },
    "res_util": {
      "util-URAM": 0.0,
      "util-BRAM": 0.11790123456790123,
      "util-DSP": 0.021442495126705652,
      "util-LUT": 0.01334754364596021,
      "util-FF": 0.011200771416971173,
      "total-URAM": 0,
      "total-BRAM": 382,
      "total-DSP": 110,
      "total-LUT": 11835,
      "total-FF": 19863
    },
    "valid": true
  },
  "__PARA__L0-8.__PIPE__L0-NA": {
    "perf": 5972.0,
    "point": {
      "__PIPE__L0": "",
      "__PARA__L0": 8
    },
    "res_util": {
      "util-URAM": 0.0,
      "util-BRAM": 0.11790123456790123,
      "util-DSP": 0.021442495126705652,
      "util-LUT": 0.016098254161591555,
      "util-FF": 0.017034330310822392,
      "total-URAM": 0,
      "total-BRAM": 382,
      "total-DSP": 110,
      "total-LUT": 14274,
      "total-FF": 30208
    },
    "valid": true
  },
  "__PARA__L0-13.__PIPE__L0-NA": {
    "perf": 5985.0,
    "point": {
      "__PIPE__L0": "",
      "__PARA__L0": 13
    },
    "res_util": {
      "util-URAM": 0.0,
      "util-BRAM": 0.11790123456790123,
      "util-DSP": 0.021442495126705652,
      "util-LUT": 0.018983173185365635,
      "util-FF": 0.019413993774529705,
      "total-URAM": 0,
      "total-BRAM": 382,
      "total-DSP": 110,
      "total-LUT": 16832,
      "total-FF": 34428
    },
    "valid": true
  },
  "__PARA__L0-16.__PIPE__L0-NA": {
    "perf": 5988.0,
    "point": {
      "__PIPE__L0": "",
      "__PARA__L0": 16
    },
    "res_util": {
      "util-URAM": 0.0,
      "util-BRAM": 0.11790123456790123,
      "util-DSP": 0.021442495126705652,
      "util-LUT": 0.021024495872242522,
      "util-FF": 0.01864483240853521,
      "total-URAM": 0,
      "total-BRAM": 382,
      "total-DSP": 110,
      "total-LUT": 18642,
      "total-FF": 33064
    },
    "valid": true
  },
  "__PARA__L0-19.__PIPE__L0-NA": {
    "perf": 5996.0,
    "point": {
      "__PIPE__L0": "",
      "__PARA__L0": 19
    },
    "res_util": {
      "util-URAM": 0.0,
      "util-BRAM": 0.11790123456790123,
      "util-DSP": 0.021442495126705652,
      "util-LUT": 0.02240492624171065,
      "util-FF": 0.02195042179816845,
      "total-URAM": 0,
      "total-BRAM": 382,
      "total-DSP": 110,
      "total-LUT": 19866,
      "total-FF": 38926
    },
    "valid": true
  },
  "__PARA__L0-26.__PIPE__L0-NA": {
    "perf": 5990.0,
    "point": {
      "__PIPE__L0": "",
      "__PARA__L0": 26
    },
    "res_util": {
      "util-URAM": 0.0,
      "util-BRAM": 0.11790123456790123,
      "util-DSP": 0.021442495126705652,
      "util-LUT": 0.027372896648170705,
      "util-FF": 0.022548721071863582,
      "total-URAM": 0,
      "total-BRAM": 382,
      "total-DSP": 110,
      "total-LUT": 24271,
      "total-FF": 39987
    },
    "valid": true
  },
  "__PARA__L0-32.__PIPE__L0-NA": {
    "perf": 6007.0,
    "point": {
      "__PIPE__L0": "",
      "__PARA__L0": 32
    },
    "res_util": {
      "util-URAM": 0.0,
      "util-BRAM": 0.11790123456790123,
      "util-DSP": 0.021442495126705652,
      "util-LUT": 0.03158636712229891,
      "util-FF": 0.02167749357152524,
      "total-URAM": 0,
      "total-BRAM": 382,
      "total-DSP": 110,
      "total-LUT": 28007,
      "total-FF": 38442
    },
    "valid": true
  },
  "__PARA__L0-38.__PIPE__L0-NA": {
    "perf": 6007.0,
    "point": {
      "__PIPE__L0": "",
      "__PARA__L0": 38
    },
    "res_util": {
      "util-URAM": 0.0,
      "util-BRAM": 0.11790123456790123,
      "util-DSP": 0.021442495126705652,
      "util-LUT": 0.033714530608562276,
      "util-FF": 0.026192651238327244,
      "total-URAM": 0,
      "total-BRAM": 382,
      "total-DSP": 110,
      "total-LUT": 29894,
      "total-FF": 46449
    },
    "valid": true
  },
  "__PARA__L0-64.__PIPE__L0-NA": {
    "perf": 0.0,
    "point": {
      "__PIPE__L0": "",
      "__PARA__L0": 64
    },
    "res_util": {
      "util-URAM": 0,
      "util-BRAM": 0,
      "util-DSP": 0,
      "util-LUT": 0,
      "util-FF": 0,
      "total-URAM": 0,
      "total-BRAM": 0,
      "total-DSP": 0,
      "total-LUT": 0,
      "total-FF": 0
    },
    "valid": false
  },
  "__PARA__L0-128.__PIPE__L0-NA": {
    "perf": 0.0,
    "point": {
      "__PIPE__L0": "",
      "__PARA__L0": 128
    },
    "res_util": {
      "util-URAM": 0,
      "util-BRAM": 0,
      "util-DSP": 0,
      "util-LUT": 0,
      "util-FF": 0,
      "total-URAM": 0,
      "total-BRAM": 0,
      "total-DSP": 0,
      "total-LUT": 0,
      "total-FF": 0
    },
    "valid": false
  },
  "__PARA__L0-247.__PIPE__L0-NA": {
    "perf": 0.0,
    "point": {
      "__PIPE__L0": "",
      "__PARA__L0": 247
    },
    "res_util": {
      "util-URAM": 0,
      "util-BRAM": 0,
      "util-DSP": 0,
      "util-LUT": 0,
      "util-FF": 0,
      "total-URAM": 0,
      "total-BRAM": 0,
      "total-DSP": 0,
      "total-LUT": 0,
      "total-FF": 0
    },
    "valid": false
  },
  "__PARA__L0-256.__PIPE__L0-NA": {
    "perf": 0.0,
    "point": {
      "__PIPE__L0": "",
      "__PARA__L0": 256
    },
    "res_util": {
      "util-URAM": 0,
      "util-BRAM": 0,
      "util-DSP": 0,
      "util-LUT": 0,
      "util-FF": 0,
      "total-URAM": 0,
      "total-BRAM": 0,
      "total-DSP": 0,
      "total-LUT": 0,
      "total-FF": 0
    },
    "valid": false
  },
  "__PARA__L0-494.__PIPE__L0-NA": {
    "perf": 31625.0,
    "point": {
      "__PIPE__L0": "",
      "__PARA__L0": 494
    },
    "res_util": {
      "util-URAM": 0.0,
      "util-BRAM": 0.013580246913580247,
      "util-DSP": 0.0021442495126705653,
      "util-LUT": 0.14602562367483196,
      "util-FF": 0.09500834573916182,
      "total-URAM": 0,
      "total-BRAM": 44,
      "total-DSP": 11,
      "total-LUT": 129478,
      "total-FF": 168484
    },
    "valid": true
  },
  "__PARA__L0-1.__PIPE__L0-off": {
    "perf": 5969.0,
    "point": {
      "__PIPE__L0": "off",
      "__PARA__L0": 1
    },
    "res_util": {
      "util-URAM": 0.0,
      "util-BRAM": 0.11728395061728394,
      "util-DSP": 0.021442495126705652,
      "util-LUT": 0.010830288266341859,
      "util-FF": 0.0068762123877836425,
      "total-URAM": 0,
      "total-BRAM": 380,
      "total-DSP": 110,
      "total-LUT": 9603,
      "total-FF": 12194
    },
    "valid": true
  },
  "__PARA__L0-1.__PIPE__L0-   ": {
    "perf": 5969.0,
    "point": {
      "__PIPE__L0": "   ",
      "__PARA__L0": 1
    },
    "res_util": {
      "util-URAM": 0.0,
      "util-BRAM": 0.11728395061728394,
      "util-DSP": 0.021442495126705652,
      "util-LUT": 0.010830288266341859,
      "util-FF": 0.0068762123877836425,
      "total-URAM": 0,
      "total-BRAM": 380,
      "total-DSP": 110,
      "total-LUT": 9603,
      "total-FF": 12194
    },
    "valid": true
  },
  "__PARA__L0-2.__PIPE__L0-off": {
    "perf": 5969.0,
    "point": {
      "__PIPE__L0": "off",
      "__PARA__L0": 2
    },
    "res_util": {
      "util-URAM": 0.0,
      "util-BRAM": 0.11790123456790123,
      "util-DSP": 0.021442495126705652,