{
    "w": {
        "mae": 0.42975265000003676,
        "mse": 0.23440524957384384,
        "rmse": 0.48415415889347047
    }
}