{
    "A": {
        "mae": 1.0004820936648365e-05,
        "mse": 2.0172933884297056e-10,
        "rmse": 1.420314538554649e-05
    }
}