{
    "D": {
        "mae": 0.03263911999999897,
        "mse": 0.0010935164091411878,
        "rmse": 0.033068359637895374
    }
}