{
    "x": {
        "mae": 6.567500000000363e-05,
        "mse": 1.6400908333341564e-08,
        "rmse": 0.00012806603114542733
    }
}