{
    "C": {
        "mae": 0.0028337762152776903,
        "mse": 1.6076187560450427e-05,
        "rmse": 0.004009512134967349
    }
}