{
    "q": {
        "mae": 0.0016703790322581348,
        "mse": 2.842749314516312e-06,
        "rmse": 0.0016860454663253635
    },
    "s": {
        "mae": 0.0017885517241379395,
        "mse": 3.2353450689655585e-06,
        "rmse": 0.0017987064988389736
    }
}