{
    "A": {
        "mae": 0.0018105499999999993,
        "mse": 3.417374919999999e-06,
        "rmse": 0.001848614324298067
    }
}