{
    "x": {
        "mae": 0.005729064837905539,
        "mse": 3.328037989775971e-05,
        "rmse": 0.005768914967111208
    }
}