{
    "x": {
        "mae": 3.709999999999929e-05,
        "mse": 2.347079999999941e-09,
        "rmse": 4.8446671712305905e-05
    }
}