{
    "A": {
        "mae": 9.256097560979925e-06,
        "mse": 1.6230000000003657e-10,
        "rmse": 1.2739701723354303e-05
    }
}