{
    "A": {
        "mae": 1.1182194513705499e-05,
        "mse": 2.815546134659853e-10,
        "rmse": 1.6779589192408295e-05
    }
}